"filename", "language", "JSON", "EditorConfig", "JavaScript", "Markdown", "YAML", "TypeScript", "HTML", "CSS", "XML", "Properties", "comment", "blank", "total"
"c:\Users\sno.NSD\IdeaProjects\qddt-client\.angulardoc.json", "JSON", 4, 0, 0, 0, 0, 0, 0, 0, 0, 0, 0, 0, 4
"c:\Users\sno.NSD\IdeaProjects\qddt-client\.editorconfig", "EditorConfig", 0, 10, 0, 0, 0, 0, 0, 0, 0, 0, 1, 3, 14
"c:\Users\sno.NSD\IdeaProjects\qddt-client\.github\ISSUE_TEMPLATE\bug_report.md", "Markdown", 0, 0, 0, 20, 0, 0, 0, 0, 0, 0, 0, 8, 28
"c:\Users\sno.NSD\IdeaProjects\qddt-client\.github\ISSUE_TEMPLATE\custom.md", "Markdown", 0, 0, 0, 4, 0, 0, 0, 0, 0, 0, 0, 4, 8
"c:\Users\sno.NSD\IdeaProjects\qddt-client\.github\ISSUE_TEMPLATE\feature_request.md", "Markdown", 0, 0, 0, 12, 0, 0, 0, 0, 0, 0, 0, 6, 18
"c:\Users\sno.NSD\IdeaProjects\qddt-client\.gradle\buildOutputCleanup\cache.properties", "Properties", 0, 0, 0, 0, 0, 0, 0, 0, 0, 1, 1, 1, 3
"c:\Users\sno.NSD\IdeaProjects\qddt-client\README.md", "Markdown", 0, 0, 0, 30, 0, 0, 0, 0, 0, 0, 0, 22, 52
"c:\Users\sno.NSD\IdeaProjects\qddt-client\angular-cli.json", "JSON", 10, 0, 0, 0, 0, 0, 0, 0, 0, 0, 0, 1, 11
"c:\Users\sno.NSD\IdeaProjects\qddt-client\angular.json", "JSON", 157, 0, 0, 0, 0, 0, 0, 0, 0, 0, 33, 0, 190
"c:\Users\sno.NSD\IdeaProjects\qddt-client\documents\QDDT master profile QuestionConstruct v1.xml", "XML", 0, 0, 0, 0, 0, 0, 0, 0, 248, 0, 21, 18, 287
"c:\Users\sno.NSD\IdeaProjects\qddt-client\documents\QDDT master profile QuestionItem v1.xml", "XML", 0, 0, 0, 0, 0, 0, 0, 0, 525, 0, 36, 32, 593
"c:\Users\sno.NSD\IdeaProjects\qddt-client\documents\QDDT master profile Sequence v1.xml", "XML", 0, 0, 0, 0, 0, 0, 0, 0, 323, 0, 18, 13, 354
"c:\Users\sno.NSD\IdeaProjects\qddt-client\e2e\app.e2e-spec.ts", "TypeScript", 0, 0, 0, 0, 0, 11, 0, 0, 0, 0, 0, 4, 15
"c:\Users\sno.NSD\IdeaProjects\qddt-client\e2e\app.po.ts", "TypeScript", 0, 0, 0, 0, 0, 9, 0, 0, 0, 0, 0, 3, 12
"c:\Users\sno.NSD\IdeaProjects\qddt-client\e2e\tsconfig.e2e.json", "JSON", 14, 0, 0, 0, 0, 0, 0, 0, 0, 0, 0, 1, 15
"c:\Users\sno.NSD\IdeaProjects\qddt-client\karma.conf.js", "JavaScript", 0, 0, 29, 0, 0, 0, 0, 0, 0, 0, 2, 2, 33
"c:\Users\sno.NSD\IdeaProjects\qddt-client\package-lock.json", "JSON", 13332, 0, 0, 0, 0, 0, 0, 0, 0, 0, 0, 1, 13333
"c:\Users\sno.NSD\IdeaProjects\qddt-client\package.json", "JSON", 57, 0, 0, 0, 0, 0, 0, 0, 0, 0, 0, 1, 58
"c:\Users\sno.NSD\IdeaProjects\qddt-client\protractor-ci.conf.js", "JavaScript", 0, 0, 8, 0, 0, 0, 0, 0, 0, 0, 0, 2, 10
"c:\Users\sno.NSD\IdeaProjects\qddt-client\protractor.conf.js", "JavaScript", 0, 0, 24, 0, 0, 0, 0, 0, 0, 0, 2, 3, 29
"c:\Users\sno.NSD\IdeaProjects\qddt-client\src\app\api.ts", "TypeScript", 0, 0, 0, 0, 0, 2, 0, 0, 0, 0, 0, 1, 3
"c:\Users\sno.NSD\IdeaProjects\qddt-client\src\app\app.component.css", "CSS", 0, 0, 0, 0, 0, 0, 0, 68, 0, 0, 5, 25, 98
"c:\Users\sno.NSD\IdeaProjects\qddt-client\src\app\app.component.html", "HTML", 0, 0, 0, 0, 0, 0, 25, 0, 0, 0, 0, 1, 26
"c:\Users\sno.NSD\IdeaProjects\qddt-client\src\app\app.component.ts", "TypeScript", 0, 0, 0, 0, 0, 37, 0, 0, 0, 0, 3, 15, 55
"c:\Users\sno.NSD\IdeaProjects\qddt-client\src\app\app.module.ts", "TypeScript", 0, 0, 0, 0, 0, 52, 0, 0, 0, 0, 1, 8, 61
"c:\Users\sno.NSD\IdeaProjects\qddt-client\src\app\app.routes.ts", "TypeScript", 0, 0, 0, 0, 0, 17, 0, 0, 0, 0, 1, 5, 23
"c:\Users\sno.NSD\IdeaProjects\qddt-client\src\app\components\author\author.chip.component.ts", "TypeScript", 0, 0, 0, 0, 0, 17, 0, 0, 0, 0, 0, 5, 22
"c:\Users\sno.NSD\IdeaProjects\qddt-client\src\app\components\autocomplete\autocomplete.component.css", "CSS", 0, 0, 0, 0, 0, 0, 0, 55, 0, 0, 0, 14, 69
"c:\Users\sno.NSD\IdeaProjects\qddt-client\src\app\components\autocomplete\autocomplete.component.html", "HTML", 0, 0, 0, 0, 0, 0, 12, 0, 0, 0, 0, 2, 14
"c:\Users\sno.NSD\IdeaProjects\qddt-client\src\app\components\autocomplete\autocomplete.component.ts", "TypeScript", 0, 0, 0, 0, 0, 149, 0, 0, 0, 0, 2, 26, 177
"c:\Users\sno.NSD\IdeaProjects\qddt-client\src\app\components\autocomplete\autocomplete.directive.ts", "TypeScript", 0, 0, 0, 0, 0, 7, 0, 0, 0, 0, 0, 2, 9
"c:\Users\sno.NSD\IdeaProjects\qddt-client\src\app\components\comment\comment.create.component.ts", "TypeScript", 0, 0, 0, 0, 0, 36, 0, 0, 0, 0, 8, 8, 52
"c:\Users\sno.NSD\IdeaProjects\qddt-client\src\app\components\comment\comment.list.component.html", "HTML", 0, 0, 0, 0, 0, 0, 56, 0, 0, 0, 4, 1, 61
"c:\Users\sno.NSD\IdeaProjects\qddt-client\src\app\components\comment\comment.list.component.ts", "TypeScript", 0, 0, 0, 0, 0, 84, 0, 0, 0, 0, 1, 16, 101
"c:\Users\sno.NSD\IdeaProjects\qddt-client\src\app\components\comment\comment.service.ts", "TypeScript", 0, 0, 0, 0, 0, 18, 0, 0, 0, 0, 3, 9, 30
"c:\Users\sno.NSD\IdeaProjects\qddt-client\src\app\components\compare\compare.module.ts", "TypeScript", 0, 0, 0, 0, 0, 9, 0, 0, 0, 0, 0, 3, 12
"c:\Users\sno.NSD\IdeaProjects\qddt-client\src\app\components\compare\diff.component.css", "CSS", 0, 0, 0, 0, 0, 0, 0, 305, 0, 0, 17, 59, 381
"c:\Users\sno.NSD\IdeaProjects\qddt-client\src\app\components\compare\diff.component.html", "HTML", 0, 0, 0, 0, 0, 0, 69, 0, 0, 0, 5, 1, 75
"c:\Users\sno.NSD\IdeaProjects\qddt-client\src\app\components\compare\diff.component.ts", "TypeScript", 0, 0, 0, 0, 0, 76, 0, 0, 0, 0, 0, 10, 86
"c:\Users\sno.NSD\IdeaProjects\qddt-client\src\app\components\compare\diff.string.ts", "TypeScript", 0, 0, 0, 0, 0, 368, 0, 0, 0, 0, 160, 32, 560
"c:\Users\sno.NSD\IdeaProjects\qddt-client\src\app\components\components.module.ts", "TypeScript", 0, 0, 0, 0, 0, 53, 0, 0, 0, 0, 0, 5, 58
"c:\Users\sno.NSD\IdeaProjects\qddt-client\src\app\components\conceptref\conceptref.component.html", "HTML", 0, 0, 0, 0, 0, 0, 30, 0, 0, 0, 0, 1, 31
"c:\Users\sno.NSD\IdeaProjects\qddt-client\src\app\components\conceptref\conceptref.component.ts", "TypeScript", 0, 0, 0, 0, 0, 26, 0, 0, 0, 0, 0, 10, 36
"c:\Users\sno.NSD\IdeaProjects\qddt-client\src\app\components\confim-delete\delete.component.ts", "TypeScript", 0, 0, 0, 0, 0, 65, 0, 0, 0, 0, 1, 10, 76
"c:\Users\sno.NSD\IdeaProjects\qddt-client\src\app\components\dialog\dialog-big.component.ts", "TypeScript", 0, 0, 0, 0, 0, 30, 0, 0, 0, 0, 0, 7, 37
"c:\Users\sno.NSD\IdeaProjects\qddt-client\src\app\components\dialog\dialog.component.ts", "TypeScript", 0, 0, 0, 0, 0, 33, 0, 0, 0, 0, 0, 7, 40
"c:\Users\sno.NSD\IdeaProjects\qddt-client\src\app\components\download\download.component.html", "HTML", 0, 0, 0, 0, 0, 0, 59, 0, 0, 0, 0, 1, 60
"c:\Users\sno.NSD\IdeaProjects\qddt-client\src\app\components\download\download.component.ts", "TypeScript", 0, 0, 0, 0, 0, 69, 0, 0, 0, 0, 2, 15, 86
"c:\Users\sno.NSD\IdeaProjects\qddt-client\src\app\components\footer\elementfooter.component.html", "HTML", 0, 0, 0, 0, 0, 0, 24, 0, 0, 0, 2, 1, 27
"c:\Users\sno.NSD\IdeaProjects\qddt-client\src\app\components\footer\elementfooter.component.ts", "TypeScript", 0, 0, 0, 0, 0, 33, 0, 0, 0, 0, 5, 10, 48
"c:\Users\sno.NSD\IdeaProjects\qddt-client\src\app\components\footer\style.css", "CSS", 0, 0, 0, 0, 0, 0, 0, 25, 0, 0, 35, 6, 66
"c:\Users\sno.NSD\IdeaProjects\qddt-client\src\app\components\form-errors\form-errors.component.ts", "TypeScript", 0, 0, 0, 0, 0, 34, 0, 0, 0, 0, 4, 7, 45
"c:\Users\sno.NSD\IdeaProjects\qddt-client\src\app\components\form\animations.ts", "TypeScript", 0, 0, 0, 0, 0, 14, 0, 0, 0, 0, 0, 2, 16
"c:\Users\sno.NSD\IdeaProjects\qddt-client\src\app\components\form\element-base.class.ts", "TypeScript", 0, 0, 0, 0, 0, 22, 0, 0, 0, 0, 1, 8, 31
"c:\Users\sno.NSD\IdeaProjects\qddt-client\src\app\components\form\input-number.component.ts", "TypeScript", 0, 0, 0, 0, 0, 37, 0, 0, 0, 0, 0, 7, 44
"c:\Users\sno.NSD\IdeaProjects\qddt-client\src\app\components\form\input.component.ts", "TypeScript", 0, 0, 0, 0, 0, 46, 0, 0, 0, 0, 0, 6, 52
"c:\Users\sno.NSD\IdeaProjects\qddt-client\src\app\components\form\select.component.ts", "TypeScript", 0, 0, 0, 0, 0, 112, 0, 0, 0, 0, 0, 17, 129
"c:\Users\sno.NSD\IdeaProjects\qddt-client\src\app\components\form\textarea.component.ts", "TypeScript", 0, 0, 0, 0, 0, 61, 0, 0, 0, 0, 0, 8, 69
"c:\Users\sno.NSD\IdeaProjects\qddt-client\src\app\components\form\validate.function.ts", "TypeScript", 0, 0, 0, 0, 0, 63, 0, 0, 0, 0, 1, 15, 79
"c:\Users\sno.NSD\IdeaProjects\qddt-client\src\app\components\form\validation.component.ts", "TypeScript", 0, 0, 0, 0, 0, 15, 0, 0, 0, 0, 0, 2, 17
"c:\Users\sno.NSD\IdeaProjects\qddt-client\src\app\components\form\value-accessor.class.ts", "TypeScript", 0, 0, 0, 0, 0, 32, 0, 0, 0, 0, 0, 10, 42
"c:\Users\sno.NSD\IdeaProjects\qddt-client\src\app\components\pagenotfound\page-not-found.component.ts", "TypeScript", 0, 0, 0, 0, 0, 6, 0, 0, 0, 0, 0, 3, 9
"c:\Users\sno.NSD\IdeaProjects\qddt-client\src\app\components\pagination\pagination.component.html", "HTML", 0, 0, 0, 0, 0, 0, 30, 0, 0, 0, 0, 5, 35
"c:\Users\sno.NSD\IdeaProjects\qddt-client\src\app\components\pagination\pagination.component.ts", "TypeScript", 0, 0, 0, 0, 0, 136, 0, 0, 0, 0, 63, 45, 244
"c:\Users\sno.NSD\IdeaProjects\qddt-client\src\app\components\rational\rational.component.html", "HTML", 0, 0, 0, 0, 0, 0, 46, 0, 0, 0, 0, 1, 47
"c:\Users\sno.NSD\IdeaProjects\qddt-client\src\app\components\rational\rational.component.ts", "TypeScript", 0, 0, 0, 0, 0, 97, 0, 0, 0, 0, 1, 15, 113
"c:\Users\sno.NSD\IdeaProjects\qddt-client\src\app\components\rational\rationaldescription.ts", "TypeScript", 0, 0, 0, 0, 0, 52, 0, 0, 0, 0, 0, 4, 56
"c:\Users\sno.NSD\IdeaProjects\qddt-client\src\app\components\revision\revision-config.ts", "TypeScript", 0, 0, 0, 0, 0, 89, 0, 0, 0, 0, 2, 13, 104
"c:\Users\sno.NSD\IdeaProjects\qddt-client\src\app\components\revision\revision.component.html", "HTML", 0, 0, 0, 0, 0, 0, 39, 0, 0, 0, 0, 1, 40
"c:\Users\sno.NSD\IdeaProjects\qddt-client\src\app\components\revision\revision.component.ts", "TypeScript", 0, 0, 0, 0, 0, 100, 0, 0, 0, 0, 0, 20, 120
"c:\Users\sno.NSD\IdeaProjects\qddt-client\src\app\components\revision\revision.service.ts", "TypeScript", 0, 0, 0, 0, 0, 21, 0, 0, 0, 0, 0, 13, 34
"c:\Users\sno.NSD\IdeaProjects\qddt-client\src\app\components\spinner\spinner.component.ts", "TypeScript", 0, 0, 0, 0, 0, 29, 0, 0, 0, 0, 0, 3, 32
"c:\Users\sno.NSD\IdeaProjects\qddt-client\src\app\components\table\table.column.config.ts", "TypeScript", 0, 0, 0, 0, 0, 236, 0, 0, 0, 0, 10, 24, 270
"c:\Users\sno.NSD\IdeaProjects\qddt-client\src\app\components\table\table.column.ts", "TypeScript", 0, 0, 0, 0, 0, 22, 0, 0, 0, 0, 0, 5, 27
"c:\Users\sno.NSD\IdeaProjects\qddt-client\src\app\components\table\table.component.html", "HTML", 0, 0, 0, 0, 0, 0, 82, 0, 0, 0, 0, 4, 86
"c:\Users\sno.NSD\IdeaProjects\qddt-client\src\app\components\table\table.component.ts", "TypeScript", 0, 0, 0, 0, 0, 195, 0, 0, 0, 0, 12, 38, 245
"c:\Users\sno.NSD\IdeaProjects\qddt-client\src\app\components\template\index.ts", "TypeScript", 0, 0, 0, 0, 0, 4, 0, 0, 0, 0, 0, 1, 5
"c:\Users\sno.NSD\IdeaProjects\qddt-client\src\app\components\template\template-detail.component.html", "HTML", 0, 0, 0, 0, 0, 0, 49, 0, 0, 0, 1, 5, 55
"c:\Users\sno.NSD\IdeaProjects\qddt-client\src\app\components\template\template-detail.component.ts", "TypeScript", 0, 0, 0, 0, 0, 94, 0, 0, 0, 0, 0, 21, 115
"c:\Users\sno.NSD\IdeaProjects\qddt-client\src\app\components\template\template-list.component.html", "HTML", 0, 0, 0, 0, 0, 0, 5, 0, 0, 0, 0, 1, 6
"c:\Users\sno.NSD\IdeaProjects\qddt-client\src\app\components\template\template-list.component.ts", "TypeScript", 0, 0, 0, 0, 0, 104, 0, 0, 0, 0, 0, 25, 129
"c:\Users\sno.NSD\IdeaProjects\qddt-client\src\app\components\template\template.component.html", "HTML", 0, 0, 0, 0, 0, 0, 26, 0, 0, 0, 0, 1, 27
"c:\Users\sno.NSD\IdeaProjects\qddt-client\src\app\components\template\template.component.ts", "TypeScript", 0, 0, 0, 0, 0, 76, 0, 0, 0, 0, 0, 12, 88
"c:\Users\sno.NSD\IdeaProjects\qddt-client\src\app\components\toc\toc.component.css", "CSS", 0, 0, 0, 0, 0, 0, 0, 0, 0, 0, 19, 2, 21
"c:\Users\sno.NSD\IdeaProjects\qddt-client\src\app\components\toc\toc.component.ts", "TypeScript", 0, 0, 0, 0, 0, 33, 0, 0, 0, 0, 0, 5, 38
"c:\Users\sno.NSD\IdeaProjects\qddt-client\src\app\components\version\version.component.ts", "TypeScript", 0, 0, 0, 0, 0, 34, 0, 0, 0, 0, 1, 3, 38
"c:\Users\sno.NSD\IdeaProjects\qddt-client\src\app\components\version\version.label.component.ts", "TypeScript", 0, 0, 0, 0, 0, 32, 0, 0, 0, 0, 0, 9, 41
"c:\Users\sno.NSD\IdeaProjects\qddt-client\src\app\lib\classes\author.classes.ts", "TypeScript", 0, 0, 0, 0, 0, 16, 0, 0, 0, 0, 0, 3, 19
"c:\Users\sno.NSD\IdeaProjects\qddt-client\src\app\lib\classes\category.classes.ts", "TypeScript", 0, 0, 0, 0, 0, 93, 0, 0, 0, 0, 0, 16, 109
"c:\Users\sno.NSD\IdeaProjects\qddt-client\src\app\lib\classes\changelog.classes.ts", "TypeScript", 0, 0, 0, 0, 0, 15, 0, 0, 0, 0, 1, 5, 21
"c:\Users\sno.NSD\IdeaProjects\qddt-client\src\app\lib\classes\classes.ts", "TypeScript", 0, 0, 0, 0, 0, 70, 0, 0, 0, 0, 6, 15, 91
"c:\Users\sno.NSD\IdeaProjects\qddt-client\src\app\lib\classes\controlconstruct.classes.ts", "TypeScript", 0, 0, 0, 0, 0, 204, 0, 0, 0, 0, 10, 24, 238
"c:\Users\sno.NSD\IdeaProjects\qddt-client\src\app\lib\classes\element-revision-ref.ts", "TypeScript", 0, 0, 0, 0, 0, 24, 0, 0, 0, 0, 0, 6, 30
"c:\Users\sno.NSD\IdeaProjects\qddt-client\src\app\lib\classes\home.classes.ts", "TypeScript", 0, 0, 0, 0, 0, 102, 0, 0, 0, 0, 0, 8, 110
"c:\Users\sno.NSD\IdeaProjects\qddt-client\src\app\lib\classes\index.ts", "TypeScript", 0, 0, 0, 0, 0, 17, 0, 0, 0, 0, 0, 1, 18
"c:\Users\sno.NSD\IdeaProjects\qddt-client\src\app\lib\classes\instrument.classes.ts", "TypeScript", 0, 0, 0, 0, 0, 136, 0, 0, 0, 0, 10, 20, 166
"c:\Users\sno.NSD\IdeaProjects\qddt-client\src\app\lib\classes\password.ts", "TypeScript", 0, 0, 0, 0, 0, 15, 0, 0, 0, 0, 0, 4, 19
"c:\Users\sno.NSD\IdeaProjects\qddt-client\src\app\lib\classes\publication.classes.ts", "TypeScript", 0, 0, 0, 0, 0, 31, 0, 0, 0, 0, 0, 5, 36
"c:\Users\sno.NSD\IdeaProjects\qddt-client\src\app\lib\classes\questionitem.classes.ts", "TypeScript", 0, 0, 0, 0, 0, 28, 0, 0, 0, 0, 0, 2, 30
"c:\Users\sno.NSD\IdeaProjects\qddt-client\src\app\lib\classes\referenced.classes.ts", "TypeScript", 0, 0, 0, 0, 0, 11, 0, 0, 0, 0, 0, 4, 15
"c:\Users\sno.NSD\IdeaProjects\qddt-client\src\app\lib\classes\responsedomain.classes.ts", "TypeScript", 0, 0, 0, 0, 0, 93, 0, 0, 0, 0, 1, 15, 109
"c:\Users\sno.NSD\IdeaProjects\qddt-client\src\app\lib\classes\selecteditem.classes.ts", "TypeScript", 0, 0, 0, 0, 0, 18, 0, 0, 0, 0, 2, 6, 26
"c:\Users\sno.NSD\IdeaProjects\qddt-client\src\app\lib\classes\user-settings.ts", "TypeScript", 0, 0, 0, 0, 0, 14, 0, 0, 0, 0, 0, 4, 18
"c:\Users\sno.NSD\IdeaProjects\qddt-client\src\app\lib\classes\user.classes.ts", "TypeScript", 0, 0, 0, 0, 0, 35, 0, 0, 0, 0, 0, 10, 45
"c:\Users\sno.NSD\IdeaProjects\qddt-client\src\app\lib\consts\functions.ts", "TypeScript", 0, 0, 0, 0, 0, 38, 0, 0, 0, 0, 3, 12, 53
"c:\Users\sno.NSD\IdeaProjects\qddt-client\src\app\lib\consts\index.ts", "TypeScript", 0, 0, 0, 0, 0, 6, 0, 0, 0, 0, 0, 1, 7
"c:\Users\sno.NSD\IdeaProjects\qddt-client\src\app\lib\consts\maps.ts", "TypeScript", 0, 0, 0, 0, 0, 4, 0, 0, 0, 0, 0, 4, 8
"c:\Users\sno.NSD\IdeaProjects\qddt-client\src\app\lib\consts\publication-type.ts", "TypeScript", 0, 0, 0, 0, 0, 10, 0, 0, 0, 0, 0, 3, 13
"c:\Users\sno.NSD\IdeaProjects\qddt-client\src\app\lib\consts\query-info.config.ts", "TypeScript", 0, 0, 0, 0, 0, 241, 0, 0, 0, 0, 0, 3, 244
"c:\Users\sno.NSD\IdeaProjects\qddt-client\src\app\lib\consts\sequence-type.ts", "TypeScript", 0, 0, 0, 0, 0, 9, 0, 0, 0, 0, 0, 2, 11
"c:\Users\sno.NSD\IdeaProjects\qddt-client\src\app\lib\consts\token-name.config.ts", "TypeScript", 0, 0, 0, 0, 0, 1, 0, 0, 0, 0, 0, 1, 2
"c:\Users\sno.NSD\IdeaProjects\qddt-client\src\app\lib\directives\autosize.directive.ts", "TypeScript", 0, 0, 0, 0, 0, 21, 0, 0, 0, 0, 0, 8, 29
"c:\Users\sno.NSD\IdeaProjects\qddt-client\src\app\lib\directives\content-editable.directive.ts", "TypeScript", 0, 0, 0, 0, 0, 56, 0, 0, 0, 0, 9, 11, 76
"c:\Users\sno.NSD\IdeaProjects\qddt-client\src\app\lib\directives\gravatar.directive.ts", "TypeScript", 0, 0, 0, 0, 0, 22, 0, 0, 0, 0, 1, 5, 28
"c:\Users\sno.NSD\IdeaProjects\qddt-client\src\app\lib\directives\index.ts", "TypeScript", 0, 0, 0, 0, 0, 5, 0, 0, 0, 0, 0, 1, 6
"c:\Users\sno.NSD\IdeaProjects\qddt-client\src\app\lib\directives\parent-form-connect.directive.ts", "TypeScript", 0, 0, 0, 0, 0, 19, 0, 0, 0, 0, 1, 11, 31
"c:\Users\sno.NSD\IdeaProjects\qddt-client\src\app\lib\directives\validate-password.directive.ts", "TypeScript", 0, 0, 0, 0, 0, 33, 0, 0, 0, 0, 4, 9, 46
"c:\Users\sno.NSD\IdeaProjects\qddt-client\src\app\lib\enums\action-kind.ts", "TypeScript", 0, 0, 0, 0, 0, 14, 0, 0, 0, 0, 0, 1, 15
"c:\Users\sno.NSD\IdeaProjects\qddt-client\src\app\lib\enums\alignment-kind.ts", "TypeScript", 0, 0, 0, 0, 0, 5, 0, 0, 0, 0, 0, 1, 6
"c:\Users\sno.NSD\IdeaProjects\qddt-client\src\app\lib\enums\authority-kind.ts", "TypeScript", 0, 0, 0, 0, 0, 7, 0, 0, 0, 0, 0, 1, 8
"c:\Users\sno.NSD\IdeaProjects\qddt-client\src\app\lib\enums\construct-kind.ts", "TypeScript", 0, 0, 0, 0, 0, 14, 0, 0, 0, 0, 0, 4, 18
"c:\Users\sno.NSD\IdeaProjects\qddt-client\src\app\lib\enums\displayLayout-kind.ts", "TypeScript", 0, 0, 0, 0, 0, 4, 0, 0, 0, 0, 0, 1, 5
"c:\Users\sno.NSD\IdeaProjects\qddt-client\src\app\lib\enums\element-kind.ts", "TypeScript", 0, 0, 0, 0, 0, 26, 0, 0, 0, 0, 0, 1, 27
"c:\Users\sno.NSD\IdeaProjects\qddt-client\src\app\lib\enums\enum-item.ts", "TypeScript", 0, 0, 0, 0, 0, 1, 0, 0, 0, 0, 3, 3, 7
"c:\Users\sno.NSD\IdeaProjects\qddt-client\src\app\lib\enums\hierarchy-position.ts", "TypeScript", 0, 0, 0, 0, 0, 6, 0, 0, 0, 0, 0, 1, 7
"c:\Users\sno.NSD\IdeaProjects\qddt-client\src\app\lib\enums\index.ts", "TypeScript", 0, 0, 0, 0, 0, 9, 0, 0, 0, 0, 0, 1, 10
"c:\Users\sno.NSD\IdeaProjects\qddt-client\src\app\lib\enums\language-kind.ts", "TypeScript", 0, 0, 0, 0, 0, 11, 0, 0, 0, 0, 0, 2, 13
"c:\Users\sno.NSD\IdeaProjects\qddt-client\src\app\lib\factory.ts", "TypeScript", 0, 0, 0, 0, 0, 119, 0, 0, 0, 0, 0, 8, 127
"c:\Users\sno.NSD\IdeaProjects\qddt-client\src\app\lib\index.ts", "TypeScript", 0, 0, 0, 0, 0, 10, 0, 0, 0, 0, 0, 1, 11
"c:\Users\sno.NSD\IdeaProjects\qddt-client\src\app\lib\interceptor\index.ts", "TypeScript", 0, 0, 0, 0, 0, 1, 0, 0, 0, 0, 0, 1, 2
"c:\Users\sno.NSD\IdeaProjects\qddt-client\src\app\lib\interceptor\token.interceptor.ts", "TypeScript", 0, 0, 0, 0, 0, 21, 0, 0, 0, 0, 1, 5, 27
"c:\Users\sno.NSD\IdeaProjects\qddt-client\src\app\lib\interfaces\entity-edit-audit.ts", "TypeScript", 0, 0, 0, 0, 0, 21, 0, 0, 0, 0, 0, 6, 27
"c:\Users\sno.NSD\IdeaProjects\qddt-client\src\app\lib\interfaces\http.interfaces.ts", "TypeScript", 0, 0, 0, 0, 0, 21, 0, 0, 0, 0, 0, 7, 28
"c:\Users\sno.NSD\IdeaProjects\qddt-client\src\app\lib\interfaces\index.ts", "TypeScript", 0, 0, 0, 0, 0, 4, 0, 0, 0, 0, 0, 1, 5
"c:\Users\sno.NSD\IdeaProjects\qddt-client\src\app\lib\interfaces\interfaces.ts", "TypeScript", 0, 0, 0, 0, 0, 74, 0, 0, 0, 0, 0, 14, 88
"c:\Users\sno.NSD\IdeaProjects\qddt-client\src\app\lib\interfaces\revision-result-entity.ts", "TypeScript", 0, 0, 0, 0, 0, 14, 0, 0, 0, 0, 0, 3, 17
"c:\Users\sno.NSD\IdeaProjects\qddt-client\src\app\lib\pipes\date.pipe.ts", "TypeScript", 0, 0, 0, 0, 0, 15, 0, 0, 0, 0, 8, 7, 30
"c:\Users\sno.NSD\IdeaProjects\qddt-client\src\app\lib\pipes\number.pipe.ts", "TypeScript", 0, 0, 0, 0, 0, 14, 0, 0, 0, 0, 4, 6, 24
"c:\Users\sno.NSD\IdeaProjects\qddt-client\src\app\lib\services\auth-guard.service.ts", "TypeScript", 0, 0, 0, 0, 0, 25, 0, 0, 0, 0, 6, 12, 43
"c:\Users\sno.NSD\IdeaProjects\qddt-client\src\app\lib\services\error-handler.service.ts", "TypeScript", 0, 0, 0, 0, 0, 23, 0, 0, 0, 0, 0, 5, 28
"c:\Users\sno.NSD\IdeaProjects\qddt-client\src\app\lib\services\error-log.service.ts", "TypeScript", 0, 0, 0, 0, 0, 48, 0, 0, 0, 0, 5, 15, 68
"c:\Users\sno.NSD\IdeaProjects\qddt-client\src\app\lib\services\home.service.ts", "TypeScript", 0, 0, 0, 0, 0, 68, 0, 0, 0, 0, 0, 14, 82
"c:\Users\sno.NSD\IdeaProjects\qddt-client\src\app\lib\services\index.ts", "TypeScript", 0, 0, 0, 0, 0, 11, 0, 0, 0, 0, 0, 1, 12
"c:\Users\sno.NSD\IdeaProjects\qddt-client\src\app\lib\services\message.service.ts", "TypeScript", 0, 0, 0, 0, 0, 23, 0, 0, 0, 0, 0, 9, 32
"c:\Users\sno.NSD\IdeaProjects\qddt-client\src\app\lib\services\preview.service.ts", "TypeScript", 0, 0, 0, 0, 0, 43, 0, 0, 0, 0, 4, 15, 62
"c:\Users\sno.NSD\IdeaProjects\qddt-client\src\app\lib\services\property.service.ts", "TypeScript", 0, 0, 0, 0, 0, 58, 0, 0, 0, 0, 4, 19, 81
"c:\Users\sno.NSD\IdeaProjects\qddt-client\src\app\lib\services\publication.service.ts", "TypeScript", 0, 0, 0, 0, 0, 26, 0, 0, 0, 0, 0, 7, 33
"c:\Users\sno.NSD\IdeaProjects\qddt-client\src\app\lib\services\session.service.ts", "TypeScript", 0, 0, 0, 0, 0, 35, 0, 0, 0, 0, 1, 9, 45
"c:\Users\sno.NSD\IdeaProjects\qddt-client\src\app\lib\services\template.service.ts", "TypeScript", 0, 0, 0, 0, 0, 136, 0, 0, 0, 0, 0, 31, 167
"c:\Users\sno.NSD\IdeaProjects\qddt-client\src\app\lib\services\user.service.ts", "TypeScript", 0, 0, 0, 0, 0, 206, 0, 0, 0, 0, 9, 34, 249
"c:\Users\sno.NSD\IdeaProjects\qddt-client\src\app\modules\agency\agency.component.html", "HTML", 0, 0, 0, 0, 0, 0, 5, 0, 0, 0, 0, 4, 9
"c:\Users\sno.NSD\IdeaProjects\qddt-client\src\app\modules\agency\agency.component.ts", "TypeScript", 0, 0, 0, 0, 0, 11, 0, 0, 0, 0, 0, 5, 16
"c:\Users\sno.NSD\IdeaProjects\qddt-client\src\app\modules\agency\agency.detail.component.html", "HTML", 0, 0, 0, 0, 0, 0, 4, 0, 0, 0, 0, 1, 5
"c:\Users\sno.NSD\IdeaProjects\qddt-client\src\app\modules\agency\agency.detail.component.ts", "TypeScript", 0, 0, 0, 0, 0, 11, 0, 0, 0, 0, 0, 6, 17
"c:\Users\sno.NSD\IdeaProjects\qddt-client\src\app\modules\agency\agency.form.component.html", "HTML", 0, 0, 0, 0, 0, 0, 15, 0, 0, 0, 1, 4, 20
"c:\Users\sno.NSD\IdeaProjects\qddt-client\src\app\modules\agency\agency.form.component.ts", "TypeScript", 0, 0, 0, 0, 0, 31, 0, 0, 0, 0, 0, 9, 40
"c:\Users\sno.NSD\IdeaProjects\qddt-client\src\app\modules\agency\agency.module.ts", "TypeScript", 0, 0, 0, 0, 0, 13, 0, 0, 0, 0, 0, 4, 17
"c:\Users\sno.NSD\IdeaProjects\qddt-client\src\app\modules\agency\agency.routes.ts", "TypeScript", 0, 0, 0, 0, 0, 22, 0, 0, 0, 0, 0, 4, 26
"c:\Users\sno.NSD\IdeaProjects\qddt-client\src\app\modules\author\author.component.html", "HTML", 0, 0, 0, 0, 0, 0, 7, 0, 0, 0, 0, 4, 11
"c:\Users\sno.NSD\IdeaProjects\qddt-client\src\app\modules\author\author.component.ts", "TypeScript", 0, 0, 0, 0, 0, 11, 0, 0, 0, 0, 0, 5, 16
"c:\Users\sno.NSD\IdeaProjects\qddt-client\src\app\modules\author\author.detail.component.html", "HTML", 0, 0, 0, 0, 0, 0, 4, 0, 0, 0, 0, 1, 5
"c:\Users\sno.NSD\IdeaProjects\qddt-client\src\app\modules\author\author.detail.component.ts", "TypeScript", 0, 0, 0, 0, 0, 11, 0, 0, 0, 0, 0, 6, 17
"c:\Users\sno.NSD\IdeaProjects\qddt-client\src\app\modules\author\author.form.component.html", "HTML", 0, 0, 0, 0, 0, 0, 31, 0, 0, 0, 0, 8, 39
"c:\Users\sno.NSD\IdeaProjects\qddt-client\src\app\modules\author\author.form.component.ts", "TypeScript", 0, 0, 0, 0, 0, 49, 0, 0, 0, 0, 0, 6, 55
"c:\Users\sno.NSD\IdeaProjects\qddt-client\src\app\modules\author\author.module.ts", "TypeScript", 0, 0, 0, 0, 0, 13, 0, 0, 0, 0, 0, 4, 17
"c:\Users\sno.NSD\IdeaProjects\qddt-client\src\app\modules\author\author.routes.ts", "TypeScript", 0, 0, 0, 0, 0, 22, 0, 0, 0, 0, 0, 4, 26
"c:\Users\sno.NSD\IdeaProjects\qddt-client\src\app\modules\category-missing\missing.component.html", "HTML", 0, 0, 0, 0, 0, 0, 5, 0, 0, 0, 0, 4, 9
"c:\Users\sno.NSD\IdeaProjects\qddt-client\src\app\modules\category-missing\missing.component.ts", "TypeScript", 0, 0, 0, 0, 0, 11, 0, 0, 0, 0, 0, 5, 16
"c:\Users\sno.NSD\IdeaProjects\qddt-client\src\app\modules\category-missing\missing.detail.component.html", "HTML", 0, 0, 0, 0, 0, 0, 4, 0, 0, 0, 0, 1, 5
"c:\Users\sno.NSD\IdeaProjects\qddt-client\src\app\modules\category-missing\missing.detail.component.ts", "TypeScript", 0, 0, 0, 0, 0, 11, 0, 0, 0, 0, 0, 6, 17
"c:\Users\sno.NSD\IdeaProjects\qddt-client\src\app\modules\category-missing\missing.form.component.html", "HTML", 0, 0, 0, 0, 0, 0, 39, 0, 0, 0, 0, 9, 48
"c:\Users\sno.NSD\IdeaProjects\qddt-client\src\app\modules\category-missing\missing.form.component.ts", "TypeScript", 0, 0, 0, 0, 0, 61, 0, 0, 0, 0, 0, 14, 75
"c:\Users\sno.NSD\IdeaProjects\qddt-client\src\app\modules\category-missing\missing.module.ts", "TypeScript", 0, 0, 0, 0, 0, 14, 0, 0, 0, 0, 0, 4, 18
"c:\Users\sno.NSD\IdeaProjects\qddt-client\src\app\modules\category-missing\missing.routes.ts", "TypeScript", 0, 0, 0, 0, 0, 22, 0, 0, 0, 0, 0, 4, 26
"c:\Users\sno.NSD\IdeaProjects\qddt-client\src\app\modules\category\category.component.html", "HTML", 0, 0, 0, 0, 0, 0, 5, 0, 0, 0, 0, 4, 9
"c:\Users\sno.NSD\IdeaProjects\qddt-client\src\app\modules\category\category.component.ts", "TypeScript", 0, 0, 0, 0, 0, 11, 0, 0, 0, 0, 0, 5, 16
"c:\Users\sno.NSD\IdeaProjects\qddt-client\src\app\modules\category\category.detail.component.html", "HTML", 0, 0, 0, 0, 0, 0, 4, 0, 0, 0, 0, 1, 5
"c:\Users\sno.NSD\IdeaProjects\qddt-client\src\app\modules\category\category.detail.component.ts", "TypeScript", 0, 0, 0, 0, 0, 11, 0, 0, 0, 0, 0, 6, 17
"c:\Users\sno.NSD\IdeaProjects\qddt-client\src\app\modules\category\category.form.component.html", "HTML", 0, 0, 0, 0, 0, 0, 46, 0, 0, 0, 0, 10, 56
"c:\Users\sno.NSD\IdeaProjects\qddt-client\src\app\modules\category\category.form.component.ts", "TypeScript", 0, 0, 0, 0, 0, 31, 0, 0, 0, 0, 0, 9, 40
"c:\Users\sno.NSD\IdeaProjects\qddt-client\src\app\modules\category\category.module.ts", "TypeScript", 0, 0, 0, 0, 0, 13, 0, 0, 0, 0, 0, 4, 17
"c:\Users\sno.NSD\IdeaProjects\qddt-client\src\app\modules\category\category.routes.ts", "TypeScript", 0, 0, 0, 0, 0, 22, 0, 0, 0, 0, 0, 4, 26
"c:\Users\sno.NSD\IdeaProjects\qddt-client\src\app\modules\changelog\changelog.component.html", "HTML", 0, 0, 0, 0, 0, 0, 5, 0, 0, 0, 0, 4, 9
"c:\Users\sno.NSD\IdeaProjects\qddt-client\src\app\modules\changelog\changelog.component.ts", "TypeScript", 0, 0, 0, 0, 0, 11, 0, 0, 0, 0, 0, 5, 16
"c:\Users\sno.NSD\IdeaProjects\qddt-client\src\app\modules\changelog\changelog.detail.component.html", "HTML", 0, 0, 0, 0, 0, 0, 4, 0, 0, 0, 0, 1, 5
"c:\Users\sno.NSD\IdeaProjects\qddt-client\src\app\modules\changelog\changelog.detail.component.ts", "TypeScript", 0, 0, 0, 0, 0, 11, 0, 0, 0, 0, 0, 6, 17
"c:\Users\sno.NSD\IdeaProjects\qddt-client\src\app\modules\changelog\changelog.form.component.html", "HTML", 0, 0, 0, 0, 0, 0, 12, 0, 0, 0, 0, 1, 13
"c:\Users\sno.NSD\IdeaProjects\qddt-client\src\app\modules\changelog\changelog.form.component.ts", "TypeScript", 0, 0, 0, 0, 0, 23, 0, 0, 0, 0, 1, 10, 34
"c:\Users\sno.NSD\IdeaProjects\qddt-client\src\app\modules\changelog\changelog.module.ts", "TypeScript", 0, 0, 0, 0, 0, 13, 0, 0, 0, 0, 0, 4, 17
"c:\Users\sno.NSD\IdeaProjects\qddt-client\src\app\modules\changelog\changelog.routes.ts", "TypeScript", 0, 0, 0, 0, 0, 22, 0, 0, 0, 0, 0, 4, 26
"c:\Users\sno.NSD\IdeaProjects\qddt-client\src\app\modules\construct-condition\condition-foreach.form.component.ts", "TypeScript", 0, 0, 0, 0, 0, 43, 0, 0, 0, 0, 0, 9, 52
"c:\Users\sno.NSD\IdeaProjects\qddt-client\src\app\modules\construct-condition\condition-fori.form.component.ts", "TypeScript", 0, 0, 0, 0, 0, 63, 0, 0, 0, 0, 6, 13, 82
"c:\Users\sno.NSD\IdeaProjects\qddt-client\src\app\modules\construct-condition\condition-ifthenelse.form.component.ts", "TypeScript", 0, 0, 0, 0, 0, 57, 0, 0, 0, 0, 0, 9, 66
"c:\Users\sno.NSD\IdeaProjects\qddt-client\src\app\modules\construct-condition\condition.component.html", "HTML", 0, 0, 0, 0, 0, 0, 5, 0, 0, 0, 0, 4, 9
"c:\Users\sno.NSD\IdeaProjects\qddt-client\src\app\modules\construct-condition\condition.component.ts", "TypeScript", 0, 0, 0, 0, 0, 11, 0, 0, 0, 0, 0, 5, 16
"c:\Users\sno.NSD\IdeaProjects\qddt-client\src\app\modules\construct-condition\condition.detail.component.html", "HTML", 0, 0, 0, 0, 0, 0, 4, 0, 0, 0, 0, 1, 5
"c:\Users\sno.NSD\IdeaProjects\qddt-client\src\app\modules\construct-condition\condition.detail.component.ts", "TypeScript", 0, 0, 0, 0, 0, 11, 0, 0, 0, 0, 0, 5, 16
"c:\Users\sno.NSD\IdeaProjects\qddt-client\src\app\modules\construct-condition\condition.form.component.html", "HTML", 0, 0, 0, 0, 0, 0, 46, 0, 0, 0, 0, 7, 53
"c:\Users\sno.NSD\IdeaProjects\qddt-client\src\app\modules\construct-condition\condition.form.component.ts", "TypeScript", 0, 0, 0, 0, 0, 88, 0, 0, 0, 0, 1, 17, 106
"c:\Users\sno.NSD\IdeaProjects\qddt-client\src\app\modules\construct-condition\condition.module.ts", "TypeScript", 0, 0, 0, 0, 0, 17, 0, 0, 0, 0, 0, 4, 21
"c:\Users\sno.NSD\IdeaProjects\qddt-client\src\app\modules\construct-condition\condition.routes.ts", "TypeScript", 0, 0, 0, 0, 0, 22, 0, 0, 0, 0, 0, 4, 26
"c:\Users\sno.NSD\IdeaProjects\qddt-client\src\app\modules\construct-question\question-construct.component.html", "HTML", 0, 0, 0, 0, 0, 0, 6, 0, 0, 0, 0, 4, 10
"c:\Users\sno.NSD\IdeaProjects\qddt-client\src\app\modules\construct-question\question-construct.component.ts", "TypeScript", 0, 0, 0, 0, 0, 13, 0, 0, 0, 0, 0, 7, 20
"c:\Users\sno.NSD\IdeaProjects\qddt-client\src\app\modules\construct-question\question-construct.detail.component.html", "HTML", 0, 0, 0, 0, 0, 0, 4, 0, 0, 0, 0, 1, 5
"c:\Users\sno.NSD\IdeaProjects\qddt-client\src\app\modules\construct-question\question-construct.detail.component.ts", "TypeScript", 0, 0, 0, 0, 0, 11, 0, 0, 0, 0, 0, 7, 18
"c:\Users\sno.NSD\IdeaProjects\qddt-client\src\app\modules\construct-question\question-construct.form.component.html", "HTML", 0, 0, 0, 0, 0, 0, 88, 0, 0, 0, 0, 14, 102
"c:\Users\sno.NSD\IdeaProjects\qddt-client\src\app\modules\construct-question\question-construct.form.component.ts", "TypeScript", 0, 0, 0, 0, 0, 90, 0, 0, 0, 0, 0, 23, 113
"c:\Users\sno.NSD\IdeaProjects\qddt-client\src\app\modules\construct-question\question-construct.module.ts", "TypeScript", 0, 0, 0, 0, 0, 18, 0, 0, 0, 0, 0, 3, 21
"c:\Users\sno.NSD\IdeaProjects\qddt-client\src\app\modules\construct-question\question-construct.routes.ts", "TypeScript", 0, 0, 0, 0, 0, 22, 0, 0, 0, 0, 0, 4, 26
"c:\Users\sno.NSD\IdeaProjects\qddt-client\src\app\modules\construct-sequence\sequence-construct.component.html", "HTML", 0, 0, 0, 0, 0, 0, 6, 0, 0, 0, 0, 4, 10
"c:\Users\sno.NSD\IdeaProjects\qddt-client\src\app\modules\construct-sequence\sequence-construct.component.ts", "TypeScript", 0, 0, 0, 0, 0, 13, 0, 0, 0, 0, 0, 7, 20
"c:\Users\sno.NSD\IdeaProjects\qddt-client\src\app\modules\construct-sequence\sequence-construct.detail.component.html", "HTML", 0, 0, 0, 0, 0, 0, 4, 0, 0, 0, 0, 1, 5
"c:\Users\sno.NSD\IdeaProjects\qddt-client\src\app\modules\construct-sequence\sequence-construct.detail.component.ts", "TypeScript", 0, 0, 0, 0, 0, 11, 0, 0, 0, 0, 0, 7, 18
"c:\Users\sno.NSD\IdeaProjects\qddt-client\src\app\modules\construct-sequence\sequence-construct.form.component.html", "HTML", 0, 0, 0, 0, 0, 0, 33, 0, 0, 0, 2, 10, 45
"c:\Users\sno.NSD\IdeaProjects\qddt-client\src\app\modules\construct-sequence\sequence-construct.form.component.ts", "TypeScript", 0, 0, 0, 0, 0, 83, 0, 0, 0, 0, 0, 16, 99
"c:\Users\sno.NSD\IdeaProjects\qddt-client\src\app\modules\construct-sequence\sequence-construct.module.ts", "TypeScript", 0, 0, 0, 0, 0, 19, 0, 0, 0, 0, 0, 6, 25
"c:\Users\sno.NSD\IdeaProjects\qddt-client\src\app\modules\construct-sequence\sequence-construct.routes.ts", "TypeScript", 0, 0, 0, 0, 0, 22, 0, 0, 0, 0, 0, 4, 26
"c:\Users\sno.NSD\IdeaProjects\qddt-client\src\app\modules\construct-statement\statement.component.html", "HTML", 0, 0, 0, 0, 0, 0, 5, 0, 0, 0, 0, 4, 9
"c:\Users\sno.NSD\IdeaProjects\qddt-client\src\app\modules\construct-statement\statement.component.ts", "TypeScript", 0, 0, 0, 0, 0, 11, 0, 0, 0, 0, 0, 5, 16
"c:\Users\sno.NSD\IdeaProjects\qddt-client\src\app\modules\construct-statement\statement.detail.component.html", "HTML", 0, 0, 0, 0, 0, 0, 4, 0, 0, 0, 0, 1, 5
"c:\Users\sno.NSD\IdeaProjects\qddt-client\src\app\modules\construct-statement\statement.detail.component.ts", "TypeScript", 0, 0, 0, 0, 0, 11, 0, 0, 0, 0, 0, 5, 16
"c:\Users\sno.NSD\IdeaProjects\qddt-client\src\app\modules\construct-statement\statement.form.component.html", "HTML", 0, 0, 0, 0, 0, 0, 25, 0, 0, 0, 0, 9, 34
"c:\Users\sno.NSD\IdeaProjects\qddt-client\src\app\modules\construct-statement\statement.form.component.ts", "TypeScript", 0, 0, 0, 0, 0, 31, 0, 0, 0, 0, 0, 11, 42
"c:\Users\sno.NSD\IdeaProjects\qddt-client\src\app\modules\construct-statement\statement.module.ts", "TypeScript", 0, 0, 0, 0, 0, 13, 0, 0, 0, 0, 0, 4, 17
"c:\Users\sno.NSD\IdeaProjects\qddt-client\src\app\modules\construct-statement\statement.routes.ts", "TypeScript", 0, 0, 0, 0, 0, 22, 0, 0, 0, 0, 0, 4, 26
"c:\Users\sno.NSD\IdeaProjects\qddt-client\src\app\modules\core\core.module.ts", "TypeScript", 0, 0, 0, 0, 0, 15, 0, 0, 0, 0, 0, 10, 25
"c:\Users\sno.NSD\IdeaProjects\qddt-client\src\app\modules\core\index.ts", "TypeScript", 0, 0, 0, 0, 0, 3, 0, 0, 0, 0, 0, 1, 4
"c:\Users\sno.NSD\IdeaProjects\qddt-client\src\app\modules\core\login\login.component.ts", "TypeScript", 0, 0, 0, 0, 0, 60, 0, 0, 0, 0, 0, 11, 71
"c:\Users\sno.NSD\IdeaProjects\qddt-client\src\app\modules\core\resetpassword\resetpassword.component.html", "HTML", 0, 0, 0, 0, 0, 0, 28, 0, 0, 0, 1, 1, 30
"c:\Users\sno.NSD\IdeaProjects\qddt-client\src\app\modules\core\resetpassword\resetpassword.component.ts", "TypeScript", 0, 0, 0, 0, 0, 26, 0, 0, 0, 0, 10, 11, 47
"c:\Users\sno.NSD\IdeaProjects\qddt-client\src\app\modules\core\useroption\useroption.component.html", "HTML", 0, 0, 0, 0, 0, 0, 24, 0, 0, 0, 0, 2, 26
"c:\Users\sno.NSD\IdeaProjects\qddt-client\src\app\modules\core\useroption\useroption.component.ts", "TypeScript", 0, 0, 0, 0, 0, 24, 0, 0, 0, 0, 15, 10, 49
"c:\Users\sno.NSD\IdeaProjects\qddt-client\src\app\modules\home\concept\concept-edit.component.ts", "TypeScript", 0, 0, 0, 0, 0, 71, 0, 0, 0, 0, 0, 8, 79
"c:\Users\sno.NSD\IdeaProjects\qddt-client\src\app\modules\home\concept\concept-toc.component.ts", "TypeScript", 0, 0, 0, 0, 0, 45, 0, 0, 0, 0, 0, 6, 51
"c:\Users\sno.NSD\IdeaProjects\qddt-client\src\app\modules\home\concept\concept-tree-node.component.css", "CSS", 0, 0, 0, 0, 0, 0, 0, 3, 0, 0, 0, 2, 5
"c:\Users\sno.NSD\IdeaProjects\qddt-client\src\app\modules\home\concept\concept-tree-node.component.html", "HTML", 0, 0, 0, 0, 0, 0, 72, 0, 0, 0, 0, 10, 82
"c:\Users\sno.NSD\IdeaProjects\qddt-client\src\app\modules\home\concept\concept-tree-node.component.ts", "TypeScript", 0, 0, 0, 0, 0, 84, 0, 0, 0, 0, 0, 18, 102
"c:\Users\sno.NSD\IdeaProjects\qddt-client\src\app\modules\home\concept\concept.component.html", "HTML", 0, 0, 0, 0, 0, 0, 68, 0, 0, 0, 0, 6, 74
"c:\Users\sno.NSD\IdeaProjects\qddt-client\src\app\modules\home\concept\concept.component.ts", "TypeScript", 0, 0, 0, 0, 0, 130, 0, 0, 0, 0, 26, 39, 195
"c:\Users\sno.NSD\IdeaProjects\qddt-client\src\app\modules\home\copysource\copy-source.component.html", "HTML", 0, 0, 0, 0, 0, 0, 10, 0, 0, 0, 1, 1, 12
"c:\Users\sno.NSD\IdeaProjects\qddt-client\src\app\modules\home\copysource\copy-source.component.ts", "TypeScript", 0, 0, 0, 0, 0, 37, 0, 0, 0, 0, 0, 11, 48
"c:\Users\sno.NSD\IdeaProjects\qddt-client\src\app\modules\home\home.component.html", "HTML", 0, 0, 0, 0, 0, 0, 4, 0, 0, 0, 0, 1, 5
"c:\Users\sno.NSD\IdeaProjects\qddt-client\src\app\modules\home\home.component.ts", "TypeScript", 0, 0, 0, 0, 0, 8, 0, 0, 0, 0, 1, 5, 14
"c:\Users\sno.NSD\IdeaProjects\qddt-client\src\app\modules\home\home.module.ts", "TypeScript", 0, 0, 0, 0, 0, 33, 0, 0, 0, 0, 7, 9, 49
"c:\Users\sno.NSD\IdeaProjects\qddt-client\src\app\modules\home\home.routes.ts", "TypeScript", 0, 0, 0, 0, 0, 27, 0, 0, 0, 0, 0, 4, 31
"c:\Users\sno.NSD\IdeaProjects\qddt-client\src\app\modules\home\study\study.component.html", "HTML", 0, 0, 0, 0, 0, 0, 78, 0, 0, 0, 0, 8, 86
"c:\Users\sno.NSD\IdeaProjects\qddt-client\src\app\modules\home\study\study.component.ts", "TypeScript", 0, 0, 0, 0, 0, 88, 0, 0, 0, 0, 0, 17, 105
"c:\Users\sno.NSD\IdeaProjects\qddt-client\src\app\modules\home\study\study.edit.component.ts", "TypeScript", 0, 0, 0, 0, 0, 78, 0, 0, 0, 0, 12, 9, 99
"c:\Users\sno.NSD\IdeaProjects\qddt-client\src\app\modules\home\survey\survey.component.html", "HTML", 0, 0, 0, 0, 0, 0, 79, 0, 0, 0, 0, 6, 85
"c:\Users\sno.NSD\IdeaProjects\qddt-client\src\app\modules\home\survey\survey.component.ts", "TypeScript", 0, 0, 0, 0, 0, 55, 0, 0, 0, 0, 3, 12, 70
"c:\Users\sno.NSD\IdeaProjects\qddt-client\src\app\modules\home\survey\survey.edit.component.ts", "TypeScript", 0, 0, 0, 0, 0, 59, 0, 0, 0, 0, 0, 7, 66
"c:\Users\sno.NSD\IdeaProjects\qddt-client\src\app\modules\home\topic\topic.component.html", "HTML", 0, 0, 0, 0, 0, 0, 92, 0, 0, 0, 0, 10, 102
"c:\Users\sno.NSD\IdeaProjects\qddt-client\src\app\modules\home\topic\topic.component.ts", "TypeScript", 0, 0, 0, 0, 0, 129, 0, 0, 0, 0, 1, 27, 157
"c:\Users\sno.NSD\IdeaProjects\qddt-client\src\app\modules\home\topic\topic.edit.component.ts", "TypeScript", 0, 0, 0, 0, 0, 60, 0, 0, 0, 0, 0, 10, 70
"c:\Users\sno.NSD\IdeaProjects\qddt-client\src\app\modules\instruction\instruction.component.html", "HTML", 0, 0, 0, 0, 0, 0, 6, 0, 0, 0, 0, 4, 10
"c:\Users\sno.NSD\IdeaProjects\qddt-client\src\app\modules\instruction\instruction.component.ts", "TypeScript", 0, 0, 0, 0, 0, 11, 0, 0, 0, 0, 0, 5, 16
"c:\Users\sno.NSD\IdeaProjects\qddt-client\src\app\modules\instruction\instruction.detail.component.html", "HTML", 0, 0, 0, 0, 0, 0, 4, 0, 0, 0, 0, 1, 5
"c:\Users\sno.NSD\IdeaProjects\qddt-client\src\app\modules\instruction\instruction.detail.component.ts", "TypeScript", 0, 0, 0, 0, 0, 11, 0, 0, 0, 0, 0, 6, 17
"c:\Users\sno.NSD\IdeaProjects\qddt-client\src\app\modules\instruction\instruction.form.component.html", "HTML", 0, 0, 0, 0, 0, 0, 20, 0, 0, 0, 0, 6, 26
"c:\Users\sno.NSD\IdeaProjects\qddt-client\src\app\modules\instruction\instruction.form.component.ts", "TypeScript", 0, 0, 0, 0, 0, 31, 0, 0, 0, 0, 0, 8, 39
"c:\Users\sno.NSD\IdeaProjects\qddt-client\src\app\modules\instruction\instruction.module.ts", "TypeScript", 0, 0, 0, 0, 0, 13, 0, 0, 0, 0, 0, 4, 17
"c:\Users\sno.NSD\IdeaProjects\qddt-client\src\app\modules\instruction\instruction.routes.ts", "TypeScript", 0, 0, 0, 0, 0, 22, 0, 0, 0, 0, 0, 4, 26
"c:\Users\sno.NSD\IdeaProjects\qddt-client\src\app\modules\instrument\instrument-sequence-tree.component.html", "HTML", 0, 0, 0, 0, 0, 0, 63, 0, 0, 0, 3, 4, 70
"c:\Users\sno.NSD\IdeaProjects\qddt-client\src\app\modules\instrument\instrument-sequence-tree.component.ts", "TypeScript", 0, 0, 0, 0, 0, 83, 0, 0, 0, 0, 7, 18, 108
"c:\Users\sno.NSD\IdeaProjects\qddt-client\src\app\modules\instrument\instrument-sequence.component.html", "HTML", 0, 0, 0, 0, 0, 0, 24, 0, 0, 0, 1, 2, 27
"c:\Users\sno.NSD\IdeaProjects\qddt-client\src\app\modules\instrument\instrument-sequence.component.ts", "TypeScript", 0, 0, 0, 0, 0, 55, 0, 0, 0, 0, 1, 18, 74
"c:\Users\sno.NSD\IdeaProjects\qddt-client\src\app\modules\instrument\instrument.component.html", "HTML", 0, 0, 0, 0, 0, 0, 5, 0, 0, 0, 0, 4, 9
"c:\Users\sno.NSD\IdeaProjects\qddt-client\src\app\modules\instrument\instrument.component.ts", "TypeScript", 0, 0, 0, 0, 0, 12, 0, 0, 0, 0, 0, 6, 18
"c:\Users\sno.NSD\IdeaProjects\qddt-client\src\app\modules\instrument\instrument.detail.component.html", "HTML", 0, 0, 0, 0, 0, 0, 4, 0, 0, 0, 0, 1, 5
"c:\Users\sno.NSD\IdeaProjects\qddt-client\src\app\modules\instrument\instrument.detail.component.ts", "TypeScript", 0, 0, 0, 0, 0, 11, 0, 0, 0, 0, 0, 5, 16
"c:\Users\sno.NSD\IdeaProjects\qddt-client\src\app\modules\instrument\instrument.form.component.html", "HTML", 0, 0, 0, 0, 0, 0, 62, 0, 0, 0, 1, 9, 72
"c:\Users\sno.NSD\IdeaProjects\qddt-client\src\app\modules\instrument\instrument.form.component.ts", "TypeScript", 0, 0, 0, 0, 0, 116, 0, 0, 0, 0, 3, 20, 139
"c:\Users\sno.NSD\IdeaProjects\qddt-client\src\app\modules\instrument\instrument.module.ts", "TypeScript", 0, 0, 0, 0, 0, 19, 0, 0, 0, 0, 0, 3, 22
"c:\Users\sno.NSD\IdeaProjects\qddt-client\src\app\modules\instrument\instrument.routes.ts", "TypeScript", 0, 0, 0, 0, 0, 22, 0, 0, 0, 0, 0, 4, 26
"c:\Users\sno.NSD\IdeaProjects\qddt-client\src\app\modules\menu\menu.component.css", "CSS", 0, 0, 0, 0, 0, 0, 0, 31, 0, 0, 0, 9, 40
"c:\Users\sno.NSD\IdeaProjects\qddt-client\src\app\modules\menu\menu.component.html", "HTML", 0, 0, 0, 0, 0, 0, 210, 0, 0, 0, 0, 3, 213
"c:\Users\sno.NSD\IdeaProjects\qddt-client\src\app\modules\menu\menu.component.ts", "TypeScript", 0, 0, 0, 0, 0, 149, 0, 0, 0, 0, 1, 32, 182
"c:\Users\sno.NSD\IdeaProjects\qddt-client\src\app\modules\menu\menu.module.ts", "TypeScript", 0, 0, 0, 0, 0, 11, 0, 0, 0, 0, 0, 3, 14
"c:\Users\sno.NSD\IdeaProjects\qddt-client\src\app\modules\preview\concept\preview.concept.component.html", "HTML", 0, 0, 0, 0, 0, 0, 54, 0, 0, 0, 0, 2, 56
"c:\Users\sno.NSD\IdeaProjects\qddt-client\src\app\modules\preview\concept\preview.concept.component.ts", "TypeScript", 0, 0, 0, 0, 0, 33, 0, 0, 0, 0, 0, 12, 45
"c:\Users\sno.NSD\IdeaProjects\qddt-client\src\app\modules\preview\concept\preview.conceptlist.component.ts", "TypeScript", 0, 0, 0, 0, 0, 24, 0, 0, 0, 0, 0, 5, 29
"c:\Users\sno.NSD\IdeaProjects\qddt-client\src\app\modules\preview\controlconstruct\preview.condition.component.ts", "TypeScript", 0, 0, 0, 0, 0, 78, 0, 0, 0, 0, 0, 12, 90
"c:\Users\sno.NSD\IdeaProjects\qddt-client\src\app\modules\preview\controlconstruct\preview.controlconstruct.component.ts", "TypeScript", 0, 0, 0, 0, 0, 33, 0, 0, 0, 0, 0, 5, 38
"c:\Users\sno.NSD\IdeaProjects\qddt-client\src\app\modules\preview\controlconstruct\preview.question.component.ts", "TypeScript", 0, 0, 0, 0, 0, 90, 0, 0, 0, 0, 0, 12, 102
"c:\Users\sno.NSD\IdeaProjects\qddt-client\src\app\modules\preview\controlconstruct\preview.sequence.component.ts", "TypeScript", 0, 0, 0, 0, 0, 133, 0, 0, 0, 0, 0, 19, 152
"c:\Users\sno.NSD\IdeaProjects\qddt-client\src\app\modules\preview\controlconstruct\preview.statement.component.ts", "TypeScript", 0, 0, 0, 0, 0, 44, 0, 0, 0, 0, 0, 7, 51
"c:\Users\sno.NSD\IdeaProjects\qddt-client\src\app\modules\preview\instrument\preview.instrument.component.ts", "TypeScript", 0, 0, 0, 0, 0, 46, 0, 0, 0, 0, 0, 5, 51
"c:\Users\sno.NSD\IdeaProjects\qddt-client\src\app\modules\preview\preview-dialog.component.ts", "TypeScript", 0, 0, 0, 0, 0, 65, 0, 0, 0, 0, 1, 18, 84
"c:\Users\sno.NSD\IdeaProjects\qddt-client\src\app\modules\preview\preview.component.html", "HTML", 0, 0, 0, 0, 0, 0, 78, 0, 0, 0, 11, 4, 93
"c:\Users\sno.NSD\IdeaProjects\qddt-client\src\app\modules\preview\preview.component.ts", "TypeScript", 0, 0, 0, 0, 0, 45, 0, 0, 0, 0, 11, 13, 69
"c:\Users\sno.NSD\IdeaProjects\qddt-client\src\app\modules\preview\preview.module.ts", "TypeScript", 0, 0, 0, 0, 0, 49, 0, 0, 0, 0, 0, 7, 56
"c:\Users\sno.NSD\IdeaProjects\qddt-client\src\app\modules\preview\publication\preview.publication.component.html", "HTML", 0, 0, 0, 0, 0, 0, 39, 0, 0, 0, 0, 4, 43
"c:\Users\sno.NSD\IdeaProjects\qddt-client\src\app\modules\preview\publication\preview.publication.component.ts", "TypeScript", 0, 0, 0, 0, 0, 63, 0, 0, 0, 0, 1, 7, 71
"c:\Users\sno.NSD\IdeaProjects\qddt-client\src\app\modules\preview\questionitem\preview.questionitem-grid.component.ts", "TypeScript", 0, 0, 0, 0, 0, 53, 0, 0, 0, 0, 0, 7, 60
"c:\Users\sno.NSD\IdeaProjects\qddt-client\src\app\modules\preview\questionitem\preview.questionitem.component.ts", "TypeScript", 0, 0, 0, 0, 0, 36, 0, 0, 0, 0, 0, 6, 42
"c:\Users\sno.NSD\IdeaProjects\qddt-client\src\app\modules\preview\responsedomain\codelist.component.ts", "TypeScript", 0, 0, 0, 0, 0, 52, 0, 0, 0, 0, 0, 9, 61
"c:\Users\sno.NSD\IdeaProjects\qddt-client\src\app\modules\preview\responsedomain\datetime.component.ts", "TypeScript", 0, 0, 0, 0, 0, 55, 0, 0, 0, 0, 0, 8, 63
"c:\Users\sno.NSD\IdeaProjects\qddt-client\src\app\modules\preview\responsedomain\missing.component.ts", "TypeScript", 0, 0, 0, 0, 0, 32, 0, 0, 0, 0, 0, 8, 40
"c:\Users\sno.NSD\IdeaProjects\qddt-client\src\app\modules\preview\responsedomain\mixed.component.ts", "TypeScript", 0, 0, 0, 0, 0, 35, 0, 0, 0, 0, 0, 6, 41
"c:\Users\sno.NSD\IdeaProjects\qddt-client\src\app\modules\preview\responsedomain\numeric.component.ts", "TypeScript", 0, 0, 0, 0, 0, 53, 0, 0, 0, 0, 0, 9, 62
"c:\Users\sno.NSD\IdeaProjects\qddt-client\src\app\modules\preview\responsedomain\preview.responsedomain-grid.component.ts", "TypeScript", 0, 0, 0, 0, 0, 24, 0, 0, 0, 0, 0, 6, 30
"c:\Users\sno.NSD\IdeaProjects\qddt-client\src\app\modules\preview\responsedomain\preview.responsedomain.component.ts", "TypeScript", 0, 0, 0, 0, 0, 71, 0, 0, 0, 0, 0, 10, 81
"c:\Users\sno.NSD\IdeaProjects\qddt-client\src\app\modules\preview\responsedomain\scale.component.html", "HTML", 0, 0, 0, 0, 0, 0, 38, 0, 0, 0, 2, 3, 43
"c:\Users\sno.NSD\IdeaProjects\qddt-client\src\app\modules\preview\responsedomain\scale.component.ts", "TypeScript", 0, 0, 0, 0, 0, 132, 0, 0, 0, 0, 0, 30, 162
"c:\Users\sno.NSD\IdeaProjects\qddt-client\src\app\modules\preview\responsedomain\text.component.ts", "TypeScript", 0, 0, 0, 0, 0, 33, 0, 0, 0, 0, 0, 6, 39
"c:\Users\sno.NSD\IdeaProjects\qddt-client\src\app\modules\preview\study\preview.study.component.ts", "TypeScript", 0, 0, 0, 0, 0, 30, 0, 0, 0, 0, 0, 4, 34
"c:\Users\sno.NSD\IdeaProjects\qddt-client\src\app\modules\preview\study\preview.studylist.component.ts", "TypeScript", 0, 0, 0, 0, 0, 31, 0, 0, 0, 0, 0, 6, 37
"c:\Users\sno.NSD\IdeaProjects\qddt-client\src\app\modules\preview\surveyprogram\preview.survey.component.ts", "TypeScript", 0, 0, 0, 0, 0, 30, 0, 0, 0, 0, 0, 4, 34
"c:\Users\sno.NSD\IdeaProjects\qddt-client\src\app\modules\preview\topicgroup\preview.topic.component.html", "HTML", 0, 0, 0, 0, 0, 0, 37, 0, 0, 0, 0, 6, 43
"c:\Users\sno.NSD\IdeaProjects\qddt-client\src\app\modules\preview\topicgroup\preview.topic.component.ts", "TypeScript", 0, 0, 0, 0, 0, 43, 0, 0, 0, 0, 0, 14, 57
"c:\Users\sno.NSD\IdeaProjects\qddt-client\src\app\modules\preview\topicgroup\preview.topiclist.component.ts", "TypeScript", 0, 0, 0, 0, 0, 31, 0, 0, 0, 0, 0, 7, 38
"c:\Users\sno.NSD\IdeaProjects\qddt-client\src\app\modules\publication\publication.component.html", "HTML", 0, 0, 0, 0, 0, 0, 7, 0, 0, 0, 0, 5, 12
"c:\Users\sno.NSD\IdeaProjects\qddt-client\src\app\modules\publication\publication.component.ts", "TypeScript", 0, 0, 0, 0, 0, 11, 0, 0, 0, 0, 0, 5, 16
"c:\Users\sno.NSD\IdeaProjects\qddt-client\src\app\modules\publication\publication.detail.component.html", "HTML", 0, 0, 0, 0, 0, 0, 4, 0, 0, 0, 0, 1, 5
"c:\Users\sno.NSD\IdeaProjects\qddt-client\src\app\modules\publication\publication.detail.component.ts", "TypeScript", 0, 0, 0, 0, 0, 11, 0, 0, 0, 0, 0, 6, 17
"c:\Users\sno.NSD\IdeaProjects\qddt-client\src\app\modules\publication\publication.form.component.html", "HTML", 0, 0, 0, 0, 0, 0, 27, 0, 0, 0, 0, 8, 35
"c:\Users\sno.NSD\IdeaProjects\qddt-client\src\app\modules\publication\publication.form.component.ts", "TypeScript", 0, 0, 0, 0, 0, 93, 0, 0, 0, 0, 3, 18, 114
"c:\Users\sno.NSD\IdeaProjects\qddt-client\src\app\modules\publication\publication.module.ts", "TypeScript", 0, 0, 0, 0, 0, 20, 0, 0, 0, 0, 0, 3, 23
"c:\Users\sno.NSD\IdeaProjects\qddt-client\src\app\modules\publication\publication.preselector.component.ts", "TypeScript", 0, 0, 0, 0, 0, 49, 0, 0, 0, 0, 0, 12, 61
"c:\Users\sno.NSD\IdeaProjects\qddt-client\src\app\modules\publication\publication.routes.ts", "TypeScript", 0, 0, 0, 0, 0, 22, 0, 0, 0, 0, 0, 4, 26
"c:\Users\sno.NSD\IdeaProjects\qddt-client\src\app\modules\question\question.component.html", "HTML", 0, 0, 0, 0, 0, 0, 6, 0, 0, 0, 0, 4, 10
"c:\Users\sno.NSD\IdeaProjects\qddt-client\src\app\modules\question\question.component.ts", "TypeScript", 0, 0, 0, 0, 0, 11, 0, 0, 0, 0, 0, 5, 16
"c:\Users\sno.NSD\IdeaProjects\qddt-client\src\app\modules\question\question.detail.component.html", "HTML", 0, 0, 0, 0, 0, 0, 4, 0, 0, 0, 0, 1, 5
"c:\Users\sno.NSD\IdeaProjects\qddt-client\src\app\modules\question\question.detail.component.ts", "TypeScript", 0, 0, 0, 0, 0, 11, 0, 0, 0, 0, 0, 5, 16
"c:\Users\sno.NSD\IdeaProjects\qddt-client\src\app\modules\question\question.form.component.html", "HTML", 0, 0, 0, 0, 0, 0, 35, 0, 0, 0, 0, 9, 44
"c:\Users\sno.NSD\IdeaProjects\qddt-client\src\app\modules\question\question.form.component.ts", "TypeScript", 0, 0, 0, 0, 0, 52, 0, 0, 0, 0, 1, 12, 65
"c:\Users\sno.NSD\IdeaProjects\qddt-client\src\app\modules\question\question.module.ts", "TypeScript", 0, 0, 0, 0, 0, 18, 0, 0, 0, 0, 0, 4, 22
"c:\Users\sno.NSD\IdeaProjects\qddt-client\src\app\modules\question\question.route.ts", "TypeScript", 0, 0, 0, 0, 0, 24, 0, 0, 0, 0, 0, 5, 29
"c:\Users\sno.NSD\IdeaProjects\qddt-client\src\app\modules\referenced\changelog.component.html", "HTML", 0, 0, 0, 0, 0, 0, 5, 0, 0, 0, 0, 4, 9
"c:\Users\sno.NSD\IdeaProjects\qddt-client\src\app\modules\referenced\referenced.component.html", "HTML", 0, 0, 0, 0, 0, 0, 6, 0, 0, 0, 0, 4, 10
"c:\Users\sno.NSD\IdeaProjects\qddt-client\src\app\modules\referenced\referenced.component.ts", "TypeScript", 0, 0, 0, 0, 0, 11, 0, 0, 0, 0, 0, 5, 16
"c:\Users\sno.NSD\IdeaProjects\qddt-client\src\app\modules\referenced\referenced.detail.component.html", "HTML", 0, 0, 0, 0, 0, 0, 4, 0, 0, 0, 0, 1, 5
"c:\Users\sno.NSD\IdeaProjects\qddt-client\src\app\modules\referenced\referenced.detail.component.ts", "TypeScript", 0, 0, 0, 0, 0, 11, 0, 0, 0, 0, 0, 6, 17
"c:\Users\sno.NSD\IdeaProjects\qddt-client\src\app\modules\referenced\referenced.form.component.html", "HTML", 0, 0, 0, 0, 0, 0, 12, 0, 0, 0, 0, 1, 13
"c:\Users\sno.NSD\IdeaProjects\qddt-client\src\app\modules\referenced\referenced.form.component.ts", "TypeScript", 0, 0, 0, 0, 0, 23, 0, 0, 0, 0, 1, 10, 34
"c:\Users\sno.NSD\IdeaProjects\qddt-client\src\app\modules\referenced\referenced.module.ts", "TypeScript", 0, 0, 0, 0, 0, 13, 0, 0, 0, 0, 0, 4, 17
"c:\Users\sno.NSD\IdeaProjects\qddt-client\src\app\modules\referenced\referenced.routes.ts", "TypeScript", 0, 0, 0, 0, 0, 22, 0, 0, 0, 0, 0, 4, 26
"c:\Users\sno.NSD\IdeaProjects\qddt-client\src\app\modules\responsedomain\anchor-point.component.ts", "TypeScript", 0, 0, 0, 0, 0, 57, 0, 0, 0, 0, 0, 11, 68
"c:\Users\sno.NSD\IdeaProjects\qddt-client\src\app\modules\responsedomain\responsedomain.component.html", "HTML", 0, 0, 0, 0, 0, 0, 7, 0, 0, 0, 0, 5, 12
"c:\Users\sno.NSD\IdeaProjects\qddt-client\src\app\modules\responsedomain\responsedomain.component.ts", "TypeScript", 0, 0, 0, 0, 0, 11, 0, 0, 0, 0, 0, 4, 15
"c:\Users\sno.NSD\IdeaProjects\qddt-client\src\app\modules\responsedomain\responsedomain.detail.component.html", "HTML", 0, 0, 0, 0, 0, 0, 4, 0, 0, 0, 0, 1, 5
"c:\Users\sno.NSD\IdeaProjects\qddt-client\src\app\modules\responsedomain\responsedomain.detail.component.ts", "TypeScript", 0, 0, 0, 0, 0, 11, 0, 0, 0, 0, 0, 6, 17
"c:\Users\sno.NSD\IdeaProjects\qddt-client\src\app\modules\responsedomain\responsedomain.form.component.css", "CSS", 0, 0, 0, 0, 0, 0, 0, 14, 0, 0, 10, 7, 31
"c:\Users\sno.NSD\IdeaProjects\qddt-client\src\app\modules\responsedomain\responsedomain.form.component.html", "HTML", 0, 0, 0, 0, 0, 0, 190, 0, 0, 0, 0, 13, 203
"c:\Users\sno.NSD\IdeaProjects\qddt-client\src\app\modules\responsedomain\responsedomain.form.component.ts", "TypeScript", 0, 0, 0, 0, 0, 176, 0, 0, 0, 0, 3, 37, 216
"c:\Users\sno.NSD\IdeaProjects\qddt-client\src\app\modules\responsedomain\responsedomain.module.ts", "TypeScript", 0, 0, 0, 0, 0, 19, 0, 0, 0, 0, 0, 6, 25
"c:\Users\sno.NSD\IdeaProjects\qddt-client\src\app\modules\responsedomain\responsedomain.preselector.component.ts", "TypeScript", 0, 0, 0, 0, 0, 63, 0, 0, 0, 0, 0, 13, 76
"c:\Users\sno.NSD\IdeaProjects\qddt-client\src\app\modules\responsedomain\responsedomain.route.ts", "TypeScript", 0, 0, 0, 0, 0, 22, 0, 0, 0, 0, 0, 4, 26
"c:\Users\sno.NSD\IdeaProjects\qddt-client\src\app\modules\search\search.component.html", "HTML", 0, 0, 0, 0, 0, 0, 1, 0, 0, 0, 0, 1, 2
"c:\Users\sno.NSD\IdeaProjects\qddt-client\src\app\modules\search\search.component.spec.ts", "TypeScript", 0, 0, 0, 0, 0, 20, 0, 0, 0, 0, 0, 6, 26
"c:\Users\sno.NSD\IdeaProjects\qddt-client\src\app\modules\search\search.component.ts", "TypeScript", 0, 0, 0, 0, 0, 41, 0, 0, 0, 0, 1, 8, 50
"c:\Users\sno.NSD\IdeaProjects\qddt-client\src\app\modules\search\search.module.ts", "TypeScript", 0, 0, 0, 0, 0, 10, 0, 0, 0, 0, 1, 3, 14
"c:\Users\sno.NSD\IdeaProjects\qddt-client\src\app\modules\search\search.route.ts", "TypeScript", 0, 0, 0, 0, 0, 14, 0, 0, 0, 0, 16, 7, 37
"c:\Users\sno.NSD\IdeaProjects\qddt-client\src\app\modules\selectors-dialog\element-collection\element-collection.component.ts", "TypeScript", 0, 0, 0, 0, 0, 83, 0, 0, 0, 0, 0, 14, 97
"c:\Users\sno.NSD\IdeaProjects\qddt-client\src\app\modules\selectors-dialog\element-revision-collection\element-revision-collection.component.ts", "TypeScript", 0, 0, 0, 0, 0, 118, 0, 0, 0, 0, 3, 18, 139
"c:\Users\sno.NSD\IdeaProjects\qddt-client\src\app\modules\selectors-dialog\element-revision-ref\element-revision-ref.component.html", "HTML", 0, 0, 0, 0, 0, 0, 68, 0, 0, 0, 1, 5, 74
"c:\Users\sno.NSD\IdeaProjects\qddt-client\src\app\modules\selectors-dialog\element-revision-ref\element-revision-ref.component.ts", "TypeScript", 0, 0, 0, 0, 0, 116, 0, 0, 0, 0, 4, 25, 145
"c:\Users\sno.NSD\IdeaProjects\qddt-client\src\app\modules\selectors-dialog\element-revision\element-revision.component.ts", "TypeScript", 0, 0, 0, 0, 0, 54, 0, 0, 0, 0, 3, 11, 68
"c:\Users\sno.NSD\IdeaProjects\qddt-client\src\app\modules\selectors-dialog\question-items\question-items.component.ts", "TypeScript", 0, 0, 0, 0, 0, 135, 0, 0, 0, 0, 3, 19, 157
"c:\Users\sno.NSD\IdeaProjects\qddt-client\src\app\modules\selectors-dialog\responsedomain\responsedomain.component.html", "HTML", 0, 0, 0, 0, 0, 0, 101, 0, 0, 0, 1, 1, 103
"c:\Users\sno.NSD\IdeaProjects\qddt-client\src\app\modules\selectors-dialog\responsedomain\responsedomain.component.ts", "TypeScript", 0, 0, 0, 0, 0, 145, 0, 0, 0, 0, 8, 28, 181
"c:\Users\sno.NSD\IdeaProjects\qddt-client\src\app\modules\selectors-dialog\selectors-dialog.module.ts", "TypeScript", 0, 0, 0, 0, 0, 20, 0, 0, 0, 0, 0, 3, 23
"c:\Users\sno.NSD\IdeaProjects\qddt-client\src\app\modules\selectors\element-revision\element-revision.component.ts", "TypeScript", 0, 0, 0, 0, 0, 98, 0, 0, 0, 0, 2, 14, 114
"c:\Users\sno.NSD\IdeaProjects\qddt-client\src\app\modules\selectors\element\element.component.ts", "TypeScript", 0, 0, 0, 0, 0, 77, 0, 0, 0, 0, 1, 14, 92
"c:\Users\sno.NSD\IdeaProjects\qddt-client\src\app\modules\selectors\revision\revision.component.html", "HTML", 0, 0, 0, 0, 0, 0, 28, 0, 0, 0, 0, 1, 29
"c:\Users\sno.NSD\IdeaProjects\qddt-client\src\app\modules\selectors\revision\revision.component.ts", "TypeScript", 0, 0, 0, 0, 0, 66, 0, 0, 0, 0, 1, 14, 81
"c:\Users\sno.NSD\IdeaProjects\qddt-client\src\app\modules\selectors\selectors.module.ts", "TypeScript", 0, 0, 0, 0, 0, 13, 0, 0, 0, 0, 0, 4, 17
"c:\Users\sno.NSD\IdeaProjects\qddt-client\src\app\modules\universe\universe.component.html", "HTML", 0, 0, 0, 0, 0, 0, 7, 0, 0, 0, 0, 4, 11
"c:\Users\sno.NSD\IdeaProjects\qddt-client\src\app\modules\universe\universe.component.ts", "TypeScript", 0, 0, 0, 0, 0, 11, 0, 0, 0, 0, 0, 5, 16
"c:\Users\sno.NSD\IdeaProjects\qddt-client\src\app\modules\universe\universe.detail.component.html", "HTML", 0, 0, 0, 0, 0, 0, 6, 0, 0, 0, 0, 1, 7
"c:\Users\sno.NSD\IdeaProjects\qddt-client\src\app\modules\universe\universe.detail.component.ts", "TypeScript", 0, 0, 0, 0, 0, 11, 0, 0, 0, 0, 0, 6, 17
"c:\Users\sno.NSD\IdeaProjects\qddt-client\src\app\modules\universe\universe.form.component.html", "HTML", 0, 0, 0, 0, 0, 0, 20, 0, 0, 0, 0, 5, 25
"c:\Users\sno.NSD\IdeaProjects\qddt-client\src\app\modules\universe\universe.form.component.ts", "TypeScript", 0, 0, 0, 0, 0, 31, 0, 0, 0, 0, 0, 10, 41
"c:\Users\sno.NSD\IdeaProjects\qddt-client\src\app\modules\universe\universe.module.ts", "TypeScript", 0, 0, 0, 0, 0, 13, 0, 0, 0, 0, 0, 4, 17
"c:\Users\sno.NSD\IdeaProjects\qddt-client\src\app\modules\universe\universe.routes.ts", "TypeScript", 0, 0, 0, 0, 0, 22, 0, 0, 0, 0, 0, 4, 26
"c:\Users\sno.NSD\IdeaProjects\qddt-client\src\app\modules\user\user.component.html", "HTML", 0, 0, 0, 0, 0, 0, 7, 0, 0, 0, 0, 4, 11
"c:\Users\sno.NSD\IdeaProjects\qddt-client\src\app\modules\user\user.component.ts", "TypeScript", 0, 0, 0, 0, 0, 11, 0, 0, 0, 0, 0, 5, 16
"c:\Users\sno.NSD\IdeaProjects\qddt-client\src\app\modules\user\user.detail.component.html", "HTML", 0, 0, 0, 0, 0, 0, 6, 0, 0, 0, 0, 1, 7
"c:\Users\sno.NSD\IdeaProjects\qddt-client\src\app\modules\user\user.detail.component.ts", "TypeScript", 0, 0, 0, 0, 0, 11, 0, 0, 0, 0, 0, 6, 17
"c:\Users\sno.NSD\IdeaProjects\qddt-client\src\app\modules\user\user.form.component.html", "HTML", 0, 0, 0, 0, 0, 0, 38, 0, 0, 0, 7, 6, 51
"c:\Users\sno.NSD\IdeaProjects\qddt-client\src\app\modules\user\user.form.component.ts", "TypeScript", 0, 0, 0, 0, 0, 63, 0, 0, 0, 0, 0, 17, 80
"c:\Users\sno.NSD\IdeaProjects\qddt-client\src\app\modules\user\user.module.ts", "TypeScript", 0, 0, 0, 0, 0, 13, 0, 0, 0, 0, 0, 4, 17
"c:\Users\sno.NSD\IdeaProjects\qddt-client\src\app\modules\user\user.routes.ts", "TypeScript", 0, 0, 0, 0, 0, 22, 0, 0, 0, 0, 0, 4, 26
"c:\Users\sno.NSD\IdeaProjects\qddt-client\src\assets\images\file-pdf.svg", "XML", 0, 0, 0, 0, 0, 0, 0, 0, 1, 0, 0, 0, 1
"c:\Users\sno.NSD\IdeaProjects\qddt-client\src\assets\images\file-xml.svg", "XML", 0, 0, 0, 0, 0, 0, 0, 0, 1, 0, 0, 0, 1
"c:\Users\sno.NSD\IdeaProjects\qddt-client\src\environments\environment.home.ts", "TypeScript", 0, 0, 0, 0, 0, 5, 0, 0, 0, 0, 0, 1, 6
"c:\Users\sno.NSD\IdeaProjects\qddt-client\src\environments\environment.prod.ts", "TypeScript", 0, 0, 0, 0, 0, 5, 0, 0, 0, 0, 0, 1, 6
"c:\Users\sno.NSD\IdeaProjects\qddt-client\src\environments\environment.stage.ts", "TypeScript", 0, 0, 0, 0, 0, 5, 0, 0, 0, 0, 0, 1, 6
"c:\Users\sno.NSD\IdeaProjects\qddt-client\src\environments\environment.ts", "TypeScript", 0, 0, 0, 0, 0, 5, 0, 0, 0, 0, 6, 2, 13
"c:\Users\sno.NSD\IdeaProjects\qddt-client\src\index.home.html", "HTML", 0, 0, 0, 0, 0, 0, 15, 0, 0, 0, 0, 1, 16
"c:\Users\sno.NSD\IdeaProjects\qddt-client\src\index.html", "HTML", 0, 0, 0, 0, 0, 0, 14, 0, 0, 0, 0, 4, 18
"c:\Users\sno.NSD\IdeaProjects\qddt-client\src\main.ts", "TypeScript", 0, 0, 0, 0, 0, 9, 0, 0, 0, 0, 0, 4, 13
"c:\Users\sno.NSD\IdeaProjects\qddt-client\src\polyfills.ts", "TypeScript", 0, 0, 0, 0, 0, 2, 0, 0, 0, 0, 53, 16, 71
"c:\Users\sno.NSD\IdeaProjects\qddt-client\src\styles.css", "CSS", 0, 0, 0, 0, 0, 0, 0, 4, 0, 0, 2, 2, 8
"c:\Users\sno.NSD\IdeaProjects\qddt-client\src\test.ts", "TypeScript", 0, 0, 0, 0, 0, 13, 0, 0, 0, 0, 4, 4, 21
"c:\Users\sno.NSD\IdeaProjects\qddt-client\src\tsconfig.app.json", "JSON", 22, 0, 0, 0, 0, 0, 0, 0, 0, 0, 3, 0, 25
"c:\Users\sno.NSD\IdeaProjects\qddt-client\src\tsconfig.spec.json", "JSON", 19, 0, 0, 0, 0, 0, 0, 0, 0, 0, 0, 1, 20
"c:\Users\sno.NSD\IdeaProjects\qddt-client\travis.yml", "YAML", 0, 0, 0, 0, 20, 0, 0, 0, 0, 0, 1, 5, 26
"c:\Users\sno.NSD\IdeaProjects\qddt-client\tsconfig.app.json", "JSON", 22, 0, 0, 0, 0, 0, 0, 0, 0, 0, 0, 1, 23
"c:\Users\sno.NSD\IdeaProjects\qddt-client\tsconfig.json", "JSON", 26, 0, 0, 0, 0, 0, 0, 0, 0, 0, 0, 1, 27
"c:\Users\sno.NSD\IdeaProjects\qddt-client\tsconfig.spec.json", "JSON", 21, 0, 0, 0, 0, 0, 0, 0, 0, 0, 0, 1, 22
"c:\Users\sno.NSD\IdeaProjects\qddt-client\tslint.json", "JSON", 91, 0, 0, 0, 0, 0, 0, 0, 0, 0, 0, 1, 92
"Total", "-", 13775, 10, 61, 66, 20, 11745, 2693, 505, 1098, 1, 847, 3019, 33840